
INSERT INTO tipo_solicitud (id_tipo,nombre_tipo)
VALUES (1,'requerimiento');
INSERT INTO tipo_solicitud (id_tipo,nombre_tipo)
VALUES (2,'Incidente');

INSERT INTO soporte (id_soporte,nombre_soporte,id_tipo)
VALUES (1,'computador escritorio pc',1);
INSERT INTO soporte (id_soporte,nombre_soporte,id_tipo)
VALUES (2,'computador portatil',1);
INSERT INTO soporte (id_soporte,nombre_soporte,id_tipo)
VALUES (3,'Dispositivos moviles(smarthPhone, tableta)',1);
INSERT INTO soporte (id_soporte,nombre_soporte,id_tipo)
VALUES (4,'impresora laser o multifuncional',1);
INSERT INTO soporte (id_soporte,nombre_soporte,id_tipo)
VALUES (5,'impresora barras carnets',1);
INSERT INTO soporte (id_soporte,nombre_soporte,id_tipo)
VALUES (6,'impresora inyeccion',1);
INSERT INTO soporte (id_soporte,nombre_soporte,id_tipo)
VALUES (7,'impresora matriz',1);
INSERT INTO soporte (id_soporte,nombre_soporte,id_tipo)
VALUES (8,'lector código de barras',1);
INSERT INTO soporte (id_soporte,nombre_soporte,id_tipo)
VALUES (9,'monitor',1);
INSERT INTO soporte (id_soporte,nombre_soporte,id_tipo)
VALUES (10,'mouse',1);
INSERT INTO soporte (id_soporte,nombre_soporte,id_tipo)
VALUES (11,'teclado',1);
INSERT INTO soporte (id_soporte,nombre_soporte,id_tipo)
VALUES (12,'videobeam',1);
INSERT INTO soporte (id_soporte,nombre_soporte,id_tipo)
VALUES (13,'webcam',1);
INSERT INTO soporte (id_soporte,nombre_soporte,id_tipo)
VALUES (14,'microfono',1);
INSERT INTO soporte (id_soporte,nombre_soporte,id_tipo)
VALUES (15,'escaner',1);
INSERT INTO soporte (id_soporte,nombre_soporte,id_tipo)
VALUES (16,'office',1);
INSERT INTO soporte (id_soporte,nombre_soporte,id_tipo)
VALUES (17,'windows',1);
INSERT INTO soporte (id_soporte,nombre_soporte,id_tipo)
VALUES (18,'exploradores',1);
INSERT INTO soporte (id_soporte,nombre_soporte,id_tipo)
VALUES (19,'correo',1);
INSERT INTO soporte (id_soporte,nombre_soporte,id_tipo)
VALUES (20,'red',1);
INSERT INTO soporte (id_soporte,nombre_soporte,id_tipo)
VALUES (21,'computador escritorio pc',2);
INSERT INTO soporte (id_soporte,nombre_soporte,id_tipo)
VALUES (22,'computador portatil',2);
INSERT INTO soporte (id_soporte,nombre_soporte,id_tipo)
VALUES (23,'Dispositivos moviles(smarthPhone, tableta)',2);
INSERT INTO soporte (id_soporte,nombre_soporte,id_tipo)
VALUES (24,'impresora laser o multifuncional',2);
INSERT INTO soporte (id_soporte,nombre_soporte,id_tipo)
VALUES (25,'impresora barras carnets',2);
INSERT INTO soporte (id_soporte,nombre_soporte,id_tipo)
VALUES (26,'impresora inyeccion',2);
INSERT INTO soporte (id_soporte,nombre_soporte,id_tipo)
VALUES (27,'impresora matriz',2);
INSERT INTO soporte (id_soporte,nombre_soporte,id_tipo)
VALUES (28,'lector código de barras',2);
INSERT INTO soporte (id_soporte,nombre_soporte,id_tipo)
VALUES (29,'monitor',2);
INSERT INTO soporte (id_soporte,nombre_soporte,id_tipo)
VALUES (30,'mouse',2);
INSERT INTO soporte (id_soporte,nombre_soporte,id_tipo)
VALUES (31,'teclado',2);
INSERT INTO soporte (id_soporte,nombre_soporte,id_tipo)
VALUES (32,'videobeam',2);
INSERT INTO soporte (id_soporte,nombre_soporte,id_tipo)
VALUES (33,'webcam',2);
INSERT INTO soporte (id_soporte,nombre_soporte,id_tipo)
VALUES (34,'microfono',2);
INSERT INTO soporte (id_soporte,nombre_soporte,id_tipo)
VALUES (35,'escaner',2);
INSERT INTO soporte (id_soporte,nombre_soporte,id_tipo)
VALUES (36,'office',2);
INSERT INTO soporte (id_soporte,nombre_soporte,id_tipo)
VALUES (37,'windows',2);
INSERT INTO soporte (id_soporte,nombre_soporte,id_tipo)
VALUES (38,'exploradores',2);
INSERT INTO soporte (id_soporte,nombre_soporte,id_tipo)
VALUES (39,'correo',2);
INSERT INTO soporte (id_soporte,nombre_soporte,id_tipo)
VALUES (40,'red',2);


INSERT INTO subcategoria_soporte (id_subcategoria,id_soporte, subcategoria)
VALUES (1,1,'instalación de software');
INSERT INTO subcategoria_soporte (id_subcategoria,id_soporte, subcategoria)
VALUES (2,1,'actualizaciones');
INSERT INTO subcategoria_soporte (id_subcategoria,id_soporte, subcategoria)
VALUES (3,	1,'disponibilidad');
INSERT INTO subcategoria_soporte (id_subcategoria,id_soporte, subcategoria)
VALUES (4,1,'gestión de garantias');
INSERT INTO subcategoria_soporte (id_subcategoria,id_soporte, subcategoria)
VALUES (5,1,'lentitud');
INSERT INTO subcategoria_soporte (id_subcategoria,id_soporte, subcategoria)
VALUES (6,1,'movimmiento o traslado');
INSERT INTO subcategoria_soporte (id_subcategoria,id_soporte, subcategoria)
VALUES (7,1,'disponibilidad');
INSERT INTO subcategoria_soporte (id_subcategoria,id_soporte, subcategoria)
VALUES (8,1,'soporte o acompañamiento proveedor');
INSERT INTO subcategoria_soporte (id_subcategoria,id_soporte, subcategoria)
VALUES (9,1,'garantía');
INSERT INTO subcategoria_soporte (id_subcategoria,id_soporte, subcategoria)
VALUES (10,1,'ruido');
INSERT INTO subcategoria_soporte (id_subcategoria,id_soporte, subcategoria)
VALUES (11,1,'configuración');
INSERT INTO subcategoria_soporte (id_subcategoria,id_soporte, subcategoria)
VALUES (12,1,'masivo');
INSERT INTO subcategoria_soporte (id_subcategoria,id_soporte, subcategoria)
VALUES (13,2,'instalación de software');
INSERT INTO subcategoria_soporte (id_subcategoria,id_soporte, subcategoria)
VALUES (14,2,'cargador');
INSERT INTO subcategoria_soporte (id_subcategoria,id_soporte, subcategoria)
VALUES (15,2,'bateria');
INSERT INTO subcategoria_soporte (id_subcategoria,id_soporte, subcategoria)
VALUES (16,2,'unidad óptica cd dvd');
INSERT INTO subcategoria_soporte (id_subcategoria,id_soporte, subcategoria)
VALUES (17,2,'actualizaciones');
INSERT INTO subcategoria_soporte (id_subcategoria,id_soporte, subcategoria)
VALUES (18,2,'disponibilidad');
INSERT INTO subcategoria_soporte (id_subcategoria,id_soporte, subcategoria)
VALUES (19,2,'gestión de garantías');
INSERT INTO subcategoria_soporte (id_subcategoria,id_soporte, subcategoria)
VALUES (20,2,'lentitud');
INSERT INTO subcategoria_soporte (id_subcategoria,id_soporte, subcategoria)
VALUES (21,2,'movimiento o traslado');
INSERT INTO subcategoria_soporte (id_subcategoria,id_soporte, subcategoria)
VALUES (22,2,'ruido');
INSERT INTO subcategoria_soporte (id_subcategoria,id_soporte, subcategoria)
VALUES (23,2,'configuración');
INSERT INTO subcategoria_soporte (id_subcategoria,id_soporte, subcategoria)
VALUES (24,2,'masivo');
INSERT INTO subcategoria_soporte (id_subcategoria,id_soporte, subcategoria)
VALUES (25,3,'equipo completo');
INSERT INTO subcategoria_soporte (id_subcategoria,id_soporte, subcategoria)
VALUES (26,3,'configuración');
INSERT INTO subcategoria_soporte (id_subcategoria,id_soporte, subcategoria)
VALUES (27,3,'cargador');
INSERT INTO subcategoria_soporte (id_subcategoria,id_soporte, subcategoria)
VALUES (28,3,'batería');
INSERT INTO subcategoria_soporte (id_subcategoria,id_soporte, subcategoria)
VALUES (29,3,'unidad óptica cd dvd');
INSERT INTO subcategoria_soporte (id_subcategoria,id_soporte, subcategoria)
VALUES (30,3,'actualizaciones');
INSERT INTO subcategoria_soporte (id_subcategoria,id_soporte, subcategoria)
VALUES (31,3,'camcelación de cuentas');
INSERT INTO subcategoria_soporte (id_subcategoria,id_soporte, subcategoria)
VALUES (32,3,'mantenimiento');
INSERT INTO subcategoria_soporte (id_subcategoria,id_soporte, subcategoria)
VALUES (33,3,'disponibilidad');
INSERT INTO subcategoria_soporte (id_subcategoria,id_soporte, subcategoria)
VALUES (34,3,'gestión de garantías');
INSERT INTO subcategoria_soporte (id_subcategoria,id_soporte, subcategoria)
VALUES (35,3,'lentitud');
INSERT INTO subcategoria_soporte (id_subcategoria,id_soporte, subcategoria)
VALUES (36,3,'movimiento o traslado');
INSERT INTO subcategoria_soporte (id_subcategoria,id_soporte, subcategoria)
VALUES (37,3,'soporte o acompañamiento proveedor');
INSERT INTO subcategoria_soporte (id_subcategoria,id_soporte, subcategoria)
VALUES (38,3,'garantía');
INSERT INTO subcategoria_soporte (id_subcategoria,id_soporte, subcategoria)
VALUES (39,4,'configuración');
INSERT INTO subcategoria_soporte (id_subcategoria,id_soporte, subcategoria)
VALUES (40,4,'atasco');
INSERT INTO subcategoria_soporte (id_subcategoria,id_soporte, subcategoria)
VALUES (41,4,'cambio de tonner');
INSERT INTO subcategoria_soporte (id_subcategoria,id_soporte, subcategoria)
VALUES (42	,4,'movimiento o traslado');
INSERT INTO subcategoria_soporte (id_subcategoria,id_soporte, subcategoria)
VALUES (43	,4,'soporte o acompañamiento proveedor');
INSERT INTO subcategoria_soporte (id_subcategoria,id_soporte, subcategoria)
VALUES (44	,4,'garantía');
INSERT INTO subcategoria_soporte (id_subcategoria,id_soporte, subcategoria)
VALUES (45	,4,'ruido');
INSERT INTO subcategoria_soporte (id_subcategoria,id_soporte, subcategoria)
VALUES (46	,4,'no imprime');
INSERT INTO subcategoria_soporte (id_subcategoria,id_soporte, subcategoria)
VALUES (47	,4	,'mantenimiento preventivo');
INSERT INTO subcategoria_soporte (id_subcategoria,id_soporte, subcategoria)
VALUES (48	,4,'no enciende');
INSERT INTO subcategoria_soporte (id_subcategoria,id_soporte, subcategoria)
VALUES (49	,4,'masivo');
INSERT INTO subcategoria_soporte (id_subcategoria,id_soporte, subcategoria)
VALUES (50	,5,'configuración');
INSERT INTO subcategoria_soporte (id_subcategoria,id_soporte, subcategoria)
VALUES (51	,5,'atasco');
INSERT INTO subcategoria_soporte (id_subcategoria,id_soporte, subcategoria)
VALUES (52	,5,'cambio de tonner');
INSERT INTO subcategoria_soporte (id_subcategoria,id_soporte, subcategoria)
VALUES (53	,5,'movimiento o traslado');
INSERT INTO subcategoria_soporte (id_subcategoria,id_soporte, subcategoria)
VALUES (54	,5,'soporte o acompañamiento proveedor');
INSERT INTO subcategoria_soporte (id_subcategoria,id_soporte, subcategoria)
VALUES (55	,5,'garantía');
INSERT INTO subcategoria_soporte (id_subcategoria,id_soporte, subcategoria)
VALUES (56	,5,'ruido');
INSERT INTO subcategoria_soporte (id_subcategoria,id_soporte, subcategoria)
VALUES (57	,5,'no imprime');
INSERT INTO subcategoria_soporte (id_subcategoria,id_soporte, subcategoria)
VALUES (58	,5,'mantenimiento preventivo');
INSERT INTO subcategoria_soporte (id_subcategoria,id_soporte, subcategoria)
VALUES (59	,5,'no enciende');
INSERT INTO subcategoria_soporte (id_subcategoria,id_soporte, subcategoria)
VALUES (60	,5,'masivo');
INSERT INTO subcategoria_soporte (id_subcategoria,id_soporte, subcategoria)
VALUES (61	,6,'configuración');
INSERT INTO subcategoria_soporte (id_subcategoria,id_soporte, subcategoria)
VALUES (62	,6,'atasco');
INSERT INTO subcategoria_soporte (id_subcategoria,id_soporte, subcategoria)
VALUES (63	,6,'cambio de tonner');
INSERT INTO subcategoria_soporte (id_subcategoria,id_soporte, subcategoria)
VALUES (64	,6,'movimiento o traslado');
INSERT INTO subcategoria_soporte (id_subcategoria,id_soporte, subcategoria)
VALUES (65	,6,'soporte o acompañamiento proveedor');
INSERT INTO subcategoria_soporte (id_subcategoria,id_soporte, subcategoria)
VALUES (66	,6,'garantía');
INSERT INTO subcategoria_soporte (id_subcategoria,id_soporte, subcategoria)
VALUES (67	,6,'ruido');
INSERT INTO subcategoria_soporte (id_subcategoria,id_soporte, subcategoria)
VALUES (68	,6	,'no imprime');
INSERT INTO subcategoria_soporte (id_subcategoria,id_soporte, subcategoria)
VALUES (69	,6,'mantenimiento preventivo');
INSERT INTO subcategoria_soporte (id_subcategoria,id_soporte, subcategoria)
VALUES (70	,6,'no enciende');
INSERT INTO subcategoria_soporte (id_subcategoria,id_soporte, subcategoria)
VALUES (71	,6,'masivo');
INSERT INTO subcategoria_soporte (id_subcategoria,id_soporte, subcategoria)
VALUES (72	,7,'configuración');
INSERT INTO subcategoria_soporte (id_subcategoria,id_soporte, subcategoria)
VALUES (73	,7,'atasco');
INSERT INTO subcategoria_soporte (id_subcategoria,id_soporte, subcategoria)
VALUES (74	,7,'cambio de tonner');
INSERT INTO subcategoria_soporte (id_subcategoria,id_soporte, subcategoria)
VALUES (75	,7,'movimiento o traslado');
INSERT INTO subcategoria_soporte (id_subcategoria,id_soporte, subcategoria)
VALUES (76	,7,'soporte o acompañamiento proveedor');
INSERT INTO subcategoria_soporte (id_subcategoria,id_soporte, subcategoria)
VALUES (77	,7,'garantía');
INSERT INTO subcategoria_soporte (id_subcategoria,id_soporte, subcategoria)
VALUES (78	,7,'ruido');
INSERT INTO subcategoria_soporte (id_subcategoria,id_soporte, subcategoria)
VALUES (79	,7,'no imprime');
INSERT INTO subcategoria_soporte (id_subcategoria,id_soporte, subcategoria)
VALUES (80	,7,'mantenimiento preventivo');
INSERT INTO subcategoria_soporte (id_subcategoria,id_soporte, subcategoria)
VALUES (81	,7,'no enciende');
INSERT INTO subcategoria_soporte (id_subcategoria,id_soporte, subcategoria)
VALUES (82	,7,'masivo');
INSERT INTO subcategoria_soporte (id_subcategoria,id_soporte, subcategoria)
VALUES (83	,8,'configuración');
INSERT INTO subcategoria_soporte (id_subcategoria,id_soporte, subcategoria)
VALUES (84	,8,'no lo detecta');
INSERT INTO subcategoria_soporte (id_subcategoria,id_soporte, subcategoria)
VALUES (85	,8,'mantenimiento preventivo');
INSERT INTO subcategoria_soporte (id_subcategoria,id_soporte, subcategoria)
VALUES (86	,8,'no enciende');
INSERT INTO subcategoria_soporte (id_subcategoria,id_soporte, subcategoria)
VALUES (87	,8,'masivo');
INSERT INTO subcategoria_soporte (id_subcategoria,id_soporte, subcategoria)
VALUES (88	,8,'configuración');
INSERT INTO subcategoria_soporte (id_subcategoria,id_soporte, subcategoria)
VALUES (89	,9,'manchas en display');
INSERT INTO subcategoria_soporte (id_subcategoria,id_soporte, subcategoria)
VALUES (90	,9,'no da imagen');
INSERT INTO subcategoria_soporte (id_subcategoria,id_soporte, subcategoria)
VALUES (91	,9,'imagen intermitente');
INSERT INTO subcategoria_soporte (id_subcategoria,id_soporte, subcategoria)
VALUES (92	,9,'movimiento o traslado');
INSERT INTO subcategoria_soporte (id_subcategoria,id_soporte, subcategoria)
VALUES (93	,9,'soporte o acompañamiento proveedor');
INSERT INTO subcategoria_soporte (id_subcategoria,id_soporte, subcategoria)
VALUES (94	,9,'garantía');
INSERT INTO subcategoria_soporte (id_subcategoria,id_soporte, subcategoria)
VALUES (95	,9,'mantenimiento');
INSERT INTO subcategoria_soporte (id_subcategoria,id_soporte, subcategoria)
VALUES (96	,9,'no enciende');
INSERT INTO subcategoria_soporte (id_subcategoria,id_soporte, subcategoria)
VALUES (97	,10,'no funciona');
INSERT INTO subcategoria_soporte (id_subcategoria,id_soporte, subcategoria)
VALUES (98	,10	,'cambio');
INSERT INTO subcategoria_soporte (id_subcategoria,id_soporte, subcategoria)
VALUES (99	,10	,'mantenimiento preventivo');
INSERT INTO subcategoria_soporte (id_subcategoria,id_soporte, subcategoria)
VALUES (100,10,'masivo');
INSERT INTO subcategoria_soporte (id_subcategoria,id_soporte, subcategoria)
VALUES (101,11,'no lo reconoce');
INSERT INTO subcategoria_soporte (id_subcategoria,id_soporte, subcategoria)
VALUES (102,11,'desgaste');
INSERT INTO subcategoria_soporte (id_subcategoria,id_soporte, subcategoria)
VALUES (103,11,'cambio');
INSERT INTO subcategoria_soporte (id_subcategoria,id_soporte, subcategoria)
VALUES (104,11,'mantenimiento preventivo');
INSERT INTO subcategoria_soporte (id_subcategoria,id_soporte, subcategoria)
VALUES (105,11,'masivo');
INSERT INTO subcategoria_soporte (id_subcategoria,id_soporte, subcategoria)
VALUES (106,12,'imagen intermitente');
INSERT INTO subcategoria_soporte (id_subcategoria,id_soporte, subcategoria)
VALUES (107,12,'se apaga despuás de un tiempo');
INSERT INTO subcategoria_soporte (id_subcategoria,id_soporte, subcategoria)
VALUES (108,12,'mantenimiento');
INSERT INTO subcategoria_soporte (id_subcategoria,id_soporte, subcategoria)
VALUES (109,12,'no enciende');
INSERT INTO subcategoria_soporte (id_subcategoria,id_soporte, subcategoria)
VALUES (110,13,'se ve pixeleado');
INSERT INTO subcategoria_soporte (id_subcategoria,id_soporte, subcategoria)
VALUES (111,13,'mantenimiento');
INSERT INTO subcategoria_soporte (id_subcategoria,id_soporte, subcategoria)
VALUES (112,13,'no enciende');
INSERT INTO subcategoria_soporte (id_subcategoria,id_soporte, subcategoria)
VALUES (113,13,'cambio');
INSERT INTO subcategoria_soporte (id_subcategoria,id_soporte, subcategoria)
VALUES (114,14,'no funciona');
INSERT INTO subcategoria_soporte (id_subcategoria,id_soporte, subcategoria)
VALUES (115,14,'cambio');
INSERT INTO subcategoria_soporte (id_subcategoria,id_soporte, subcategoria)
VALUES (116,15,'configuración');
INSERT INTO subcategoria_soporte (id_subcategoria,id_soporte, subcategoria)
VALUES (117,15,'atasco');
INSERT INTO subcategoria_soporte (id_subcategoria,id_soporte, subcategoria)
VALUES (118,15,'movimiento o traslado');
INSERT INTO subcategoria_soporte (id_subcategoria,id_soporte, subcategoria)
VALUES (119,15,'soporte o acompañamiento proveedor');
INSERT INTO subcategoria_soporte (id_subcategoria,id_soporte, subcategoria)
VALUES (120,15,'garantía');
INSERT INTO subcategoria_soporte (id_subcategoria,id_soporte, subcategoria)
VALUES (121,15,'ruido');
INSERT INTO subcategoria_soporte (id_subcategoria,id_soporte, subcategoria)
VALUES (122,15,'mantenimiento');
INSERT INTO subcategoria_soporte (id_subcategoria,id_soporte, subcategoria)
VALUES (123,15,'no enciende');
INSERT INTO subcategoria_soporte (id_subcategoria,id_soporte, subcategoria)
VALUES (124,15,'masivo');
INSERT INTO subcategoria_soporte (id_subcategoria,id_soporte, subcategoria)
VALUES (125,16,'activación');
INSERT INTO subcategoria_soporte (id_subcategoria,id_soporte, subcategoria)
VALUES (126,16,'lentitud');
INSERT INTO subcategoria_soporte (id_subcategoria,id_soporte, subcategoria)
VALUES (127,16,'actualización');
INSERT INTO subcategoria_soporte (id_subcategoria,id_soporte, subcategoria)
VALUES (128,16,'masivo');
INSERT INTO subcategoria_soporte (id_subcategoria,id_soporte, subcategoria)
VALUES (129,17,'activación');
INSERT INTO subcategoria_soporte (id_subcategoria,id_soporte, subcategoria)
VALUES (130,17,'lentitud');
INSERT INTO subcategoria_soporte (id_subcategoria,id_soporte, subcategoria)
VALUES (131,17,'actualización');
INSERT INTO subcategoria_soporte (id_subcategoria,id_soporte, subcategoria)
VALUES (132,17,'masivo');
INSERT INTO subcategoria_soporte (id_subcategoria,id_soporte, subcategoria)
VALUES (133,18,'activación');
INSERT INTO subcategoria_soporte (id_subcategoria,id_soporte, subcategoria)
VALUES (134,18,'lentitud');
INSERT INTO subcategoria_soporte (id_subcategoria,id_soporte, subcategoria)
VALUES (135,18,'actualización');
INSERT INTO subcategoria_soporte (id_subcategoria,id_soporte, subcategoria)
VALUES (136,18,'masivo');
INSERT INTO subcategoria_soporte (id_subcategoria,id_soporte, subcategoria)
VALUES (137,19,'restauración de contraseña');
INSERT INTO subcategoria_soporte (id_subcategoria,id_soporte, subcategoria)
VALUES (138,19,'lentitud');
INSERT INTO subcategoria_soporte (id_subcategoria,id_soporte, subcategoria)
VALUES (139,19,'creación de cuenta');
INSERT INTO subcategoria_soporte (id_subcategoria,id_soporte, subcategoria)
VALUES (140,19,'masivo');
INSERT INTO subcategoria_soporte (id_subcategoria,id_soporte, subcategoria)
VALUES (141,20,'configuración de red');
INSERT INTO subcategoria_soporte (id_subcategoria,id_soporte, subcategoria)
VALUES (142,20,'permisos');
INSERT INTO subcategoria_soporte (id_subcategoria,id_soporte, subcategoria)
VALUES (143,20,'compartir carpeta');
INSERT INTO subcategoria_soporte (id_subcategoria,id_soporte, subcategoria)
VALUES (144,20,'sin acceso a carpeta');
INSERT INTO subcategoria_soporte (id_subcategoria,id_soporte, subcategoria)
VALUES (145,21,'sin servicio de internet');
INSERT INTO subcategoria_soporte (id_subcategoria,id_soporte, subcategoria)
VALUES (146,21,'no enciende');
INSERT INTO subcategoria_soporte (id_subcategoria,id_soporte, subcategoria)
VALUES (147,21,'masivo');
INSERT INTO subcategoria_soporte (id_subcategoria,id_soporte, subcategoria)
VALUES (148,22,'sin servicio de internet');
INSERT INTO subcategoria_soporte (id_subcategoria,id_soporte, subcategoria)
VALUES (149,22,'no enciende');
INSERT INTO subcategoria_soporte (id_subcategoria,id_soporte, subcategoria)
VALUES (150,22,'masivo');
INSERT INTO subcategoria_soporte (id_subcategoria,id_soporte, subcategoria)
VALUES (151,23,'sin servicio de internet');
INSERT INTO subcategoria_soporte (id_subcategoria,id_soporte, subcategoria)
VALUES (152,23,'no enciende');
INSERT INTO subcategoria_soporte (id_subcategoria,id_soporte, subcategoria)
VALUES (153,23,'masivo');
INSERT INTO subcategoria_soporte (id_subcategoria,id_soporte, subcategoria)
VALUES (154,24,'atasco');
INSERT INTO subcategoria_soporte (id_subcategoria,id_soporte, subcategoria)
VALUES (155,24,'no imprime');
INSERT INTO subcategoria_soporte (id_subcategoria,id_soporte, subcategoria)
VALUES (156,24,'no enciende');
INSERT INTO subcategoria_soporte (id_subcategoria,id_soporte, subcategoria)
VALUES (157,25,'atasco');
INSERT INTO subcategoria_soporte (id_subcategoria,id_soporte, subcategoria)
VALUES (158,25,'no imprime');
INSERT INTO subcategoria_soporte (id_subcategoria,id_soporte, subcategoria)
VALUES (159,25	,'no enciende');
INSERT INTO subcategoria_soporte (id_subcategoria,id_soporte, subcategoria)
VALUES (160,26	,'atasco');
INSERT INTO subcategoria_soporte (id_subcategoria,id_soporte, subcategoria)
VALUES (161,26,'no imprime');
INSERT INTO subcategoria_soporte (id_subcategoria,id_soporte, subcategoria)
VALUES (162,26	,'no enciende');
INSERT INTO subcategoria_soporte (id_subcategoria,id_soporte, subcategoria)
VALUES (163,27	,'atasco');
INSERT INTO subcategoria_soporte (id_subcategoria,id_soporte, subcategoria)
VALUES (164,27	,'no imprime');
INSERT INTO subcategoria_soporte (id_subcategoria,id_soporte, subcategoria)
VALUES (165,27	,'no enciende');
INSERT INTO subcategoria_soporte (id_subcategoria,id_soporte, subcategoria)
VALUES (166,28,'no enciende');
INSERT INTO subcategoria_soporte (id_subcategoria,id_soporte, subcategoria)
VALUES (167,29,'no da imagen');
INSERT INTO subcategoria_soporte (id_subcategoria,id_soporte, subcategoria)
VALUES (168,29,'no enciende');
INSERT INTO subcategoria_soporte (id_subcategoria,id_soporte, subcategoria)
VALUES (169,30,'no funciona');
INSERT INTO subcategoria_soporte (id_subcategoria,id_soporte, subcategoria)
VALUES (170,31	,'no lo reconoce');
INSERT INTO subcategoria_soporte (id_subcategoria,id_soporte, subcategoria)
VALUES (171,32	,'no enciende');
INSERT INTO subcategoria_soporte (id_subcategoria,id_soporte, subcategoria)
VALUES (172,33	,'no enciende');
INSERT INTO subcategoria_soporte (id_subcategoria,id_soporte, subcategoria)
VALUES (173,34	,'no funciona');
INSERT INTO subcategoria_soporte (id_subcategoria,id_soporte, subcategoria)
VALUES (174,35	,'no enciende');
INSERT INTO subcategoria_soporte (id_subcategoria,id_soporte, subcategoria)
VALUES (175,36	,'no funciona');
INSERT INTO subcategoria_soporte (id_subcategoria,id_soporte, subcategoria)
VALUES (176,37	,'no inicia');
INSERT INTO subcategoria_soporte (id_subcategoria,id_soporte, subcategoria)
VALUES (177,38	,'no permite el ingreso');
INSERT INTO subcategoria_soporte (id_subcategoria,id_soporte, subcategoria)
VALUES (178,39	,'no permite el ingreso');
INSERT INTO subcategoria_soporte (id_subcategoria,id_soporte, subcategoria)
VALUES (179,40	,'no hay servicio');
INSERT INTO subcategoria_soporte (id_subcategoria,id_soporte, subcategoria)
VALUES (180,40	,'masivo');